[
  {
    "id": "628988293493@s.whatsapp.net",
    "balance": 319
  },
  {
    "id": "6289509395213@s.whatsapp.net",
    "balance": 2288
  },
  {
    "id": "6285850550812@s.whatsapp.net",
    "balance": 202
  },
  {
    "id": "62895619673986@s.whatsapp.net",
    "balance": 34
  },
  {
    "id": "628979363196@s.whatsapp.net",
    "balance": 11
  },
  {
    "id": "6281523914347@s.whatsapp.net",
    "balance": 51
  },
  {
    "id": "62882007303005@s.whatsapp.net",
    "balance": 154
  },
  {
    "id": "6281260667260@s.whatsapp.net",
    "balance": 1
  },
  {
    "id": "6288905078136@s.whatsapp.net",
    "balance": 41
  },
  {
    "id": "6282118243577@s.whatsapp.net",
    "balance": 41
  },
  {
    "id": "6281218194359@s.whatsapp.net",
    "balance": 1
  },
  {
    "id": "6289616030582@s.whatsapp.net",
    "balance": 2
  },
  {
    "id": "6285867134824@s.whatsapp.net",
    "balance": 22
  },
  {
    "id": "6281260698718@s.whatsapp.net",
    "balance": 26
  },
  {
    "id": "17826250137@s.whatsapp.net",
    "balance": 8
  }
]