{
  "wait": "_Wait a minute, data is being processed!_",
  "error": {
    "Iv": "Link yang kamu berikan tidak valid",
    "api": "Maaf terjadi kesalahan"
  },
  "OnlyGrup": "Perintah ini hanya bisa digunakan di grup",
  "OnlyPM": "Perintah ini hanya bisa digunakan di private message",
  "GrupAdmin": "Perintah ini hanya bisa digunakan oleh Admin Grup",
  "BotAdmin": "Bot Harus menjadi admin",
  "OnlyOwner": "Perintah ini hanya dapat digunakan oleh owner bot",
  "OnlyPrem": "Perintah ini khusus member premium",
  "OnlyWhm": "Bot hanya bisa Create Akun Whm",
  "OnlycPanel": "Bot hanya bisa Create Akun Cpanel",
  "OnlyMwhm": "Bot Tidak Bisa Create Akun Mwhm",
  "OnlyCeo": "Bot Tidak Bisa Create Ceo",
  "OnlyAdmin": "Bot Tidak Bisa Create Admin"
}